Localisation,Type de bien,Superficie,Nb_Salles De bain,Nb_Chambres,Prix
Ariana,villa,320.0,3.0,5.0,530000.0
Nabeul,Maison,197.0,1.0,2.0,240000.0
La_Manouba,Maison,300.0,1.0,3.0,192989.71698165592
Ariana,villa,517.0,3.0,5.0,1150000.0
Nabeul,villa,485.0,4.0,4.0,890000.0
Ben_Arous,villa,350.0,2.0,4.0,680000.0
Bizerte,villa,200.0,3.0,3.0,535697.9790170202
Bizerte,Maison,160.0,2.0,4.0,240949.81848204712
Bizerte,villa,180.0,2.0,3.0,535724.6569200353
Ben_Arous,villa,420.0,2.0,10.0,834193.0684080992
Nabeul,villa,265.0,2.0,3.0,480000.0
Nabeul,villa,470.0,4.0,4.0,950000.0
Nabeul,villa,700.0,2.0,3.0,717468.1513222783
Nabeul,Maison,200.0,1.0,2.0,346944.7938185823
Ariana,villa,530.0,4.0,5.0,734536.7057882267
Nabeul,villa,460.0,3.0,4.0,920000.0
Nabeul,villa,700.0,5.0,7.0,868858.4397235573
Tunis,Maison,384.0,1.0,3.0,700000.0
Ariana,villa,300.0,3.0,3.0,960000.0
Ben_Arous,villa,580.0,2.0,7.0,720599.7230091512
Ben_Arous,villa,1014.0,2.0,6.0,682766.3772729621
Ben_Arous,villa,1053.0,2.0,5.0,644900.7576880862
Ben_Arous,villa,445.0,2.0,5.0,1250000.0
Ben_Arous,villa,735.0,4.0,7.0,1150000.0
Ben_Arous,villa,444.0,1.0,3.0,550000.0
Tunis,villa,459.0,2.0,4.0,650000.0
Ben_Arous,Maison,148.0,2.0,4.0,370000.0
Ben_Arous,Maison,170.0,1.0,3.0,370000.0
Ben_Arous,Maison,450.0,3.0,3.0,580000.0
Ben_Arous,Maison,302.0,2.0,3.0,370000.0
Ben_Arous,Maison,309.0,2.0,3.0,650000.0
Ben_Arous,Maison,174.0,3.0,7.0,400000.0
Ben_Arous,Maison,183.0,2.0,5.0,680000.0
Ben_Arous,Maison,285.0,1.0,4.0,550000.0
Ben_Arous,Maison,289.0,2.0,5.0,620000.0
Ben_Arous,Maison,208.0,3.0,7.0,450000.0
Ben_Arous,Maison,341.0,3.0,6.0,650000.0
Ben_Arous,Maison,650.0,5.0,8.0,1000000.0
Ben_Arous,Maison,201.0,2.0,3.0,540000.0
Nabeul,villa,500.0,3.0,3.0,790000.0
Nabeul,villa,400.0,4.0,4.0,1030000.0
Ben_Arous,villa,417.0,1.0,4.0,480000.0
Nabeul,Maison,90.0,1.0,2.0,346935.8061645176
Sfax,Maison,303.0,2.0,5.0,350000.0
Tunis,villa,587.0,3.0,5.0,712244.6477015878
Ariana,villa,500.0,2.0,7.0,810328.4908872605
Tunis,villa,800.0,1.0,10.0,901662.7056958248
Tunis,villa,662.0,4.0,8.0,825828.8819759199
Ariana,villa,420.0,3.0,4.0,1200000.0
Monastir,villa,208.0,3.0,5.0,315000.0
Nabeul,villa,320.0,4.0,3.0,717380.4790189103
Nabeul,villa,500.0,4.0,2.0,830000.0
Nabeul,villa,490.0,4.0,4.0,1250000.0
Sousse,villa,180.0,1.0,4.0,712135.6404037267
Ben_Arous,villa,200.0,1.0,3.0,350000.0
Tunis,villa,185.0,1.0,4.0,674399.6198383789
Bizerte,villa,600.0,2.0,4.0,573627.7795341448
Nabeul,villa,402.0,3.0,5.0,1250000.0
Nabeul,villa,800.0,4.0,4.0,1050000.0
Nabeul,villa,397.0,4.0,4.0,1050000.0
Bizerte,villa,300.0,2.0,3.0,349999.0
Ariana,villa,400.0,2.0,4.0,900000.0
Nabeul,villa,600.0,4.0,4.0,830000.0
Nabeul,villa,420.0,3.0,4.0,760000.0
Nabeul,villa,347.0,4.0,4.0,1100000.0
Tunis,Maison,572.0,1.0,3.0,580000.0
Monastir,villa,916.0,2.0,3.0,680000.0
Nabeul,villa,234.0,3.0,4.0,575000.0
Nabeul,Maison,269.0,1.0,3.0,400000.0
Nabeul,villa,426.0,3.0,3.0,1000000.0
Nabeul,villa,347.0,3.0,4.0,1100000.0
Tunis,villa,282.0,2.0,4.0,674379.233293209
Ariana,Maison,500.0,2.0,5.0,360000.0
Nabeul,villa,660.0,3.0,3.0,717436.5710625007
Sousse,Maison,360.0,4.0,7.0,549999.0
Ben_Arous,villa,566.0,3.0,3.0,569095.0426368841
Ariana,villa,224.0,2.0,4.0,696699.5216958376
Ben_Arous,Maison,216.0,2.0,3.0,375000.0
Ben_Arous,villa,418.0,4.0,7.0,790000.0
Ben_Arous,Maison,420.0,3.0,4.0,590000.0
Ben_Arous,villa,94.0,1.0,3.0,140000.0
Ben_Arous,Maison,200.0,1.0,3.0,325000.0
Ben_Arous,Maison,206.0,1.0,3.0,360000.0
Sousse,villa,792.0,1.0,3.0,674316.8383259333
Ben_Arous,Maison,622.0,1.0,3.0,430000.0
Ben_Arous,villa,395.0,3.0,3.0,495000.0
Sousse,villa,387.0,2.0,5.0,650000.0
Tunis,Maison,367.0,4.0,4.0,700000.0
Tunis,Maison,101.0,1.0,2.0,212000.0
Sousse,villa,760.0,3.0,6.0,787864.0180421032
Sousse,Maison,365.0,4.0,6.0,455161.42173564143
Tunis,Maison,378.0,3.0,3.0,303847.94848948275
Tunis,villa,410.0,3.0,4.0,1200000.0
Nabeul,Maison,180.0,1.0,2.0,140000.0
Ben_Arous,villa,250.0,3.0,5.0,644806.8357914779
Ariana,villa,402.0,2.0,3.0,950000.0
Nabeul,villa,550.0,4.0,3.0,870000.0
Nabeul,villa,430.0,3.0,4.0,790000.0
Nabeul,villa,1295.0,3.0,6.0,831094.8726885528
Nabeul,Appartement,585.0,4.0,8.0,578808.6522988072
Tunis,Maison,95.0,2.0,5.0,379590.7499622318
Nabeul,Maison,600.0,4.0,6.0,240000.0
Ariana,villa,391.0,2.0,4.0,849000.0
Ariana,villa,402.0,5.0,8.0,890000.0
Ariana,Appartement,140.0,2.0,3.0,330886.3428999358
Ariana,villa,220.0,1.0,4.0,660000.0
Nabeul,villa,320.0,4.0,4.0,990000.0
Nabeul,villa,620.0,4.0,4.0,720000.0
Nabeul,Maison,150.0,1.0,2.0,130000.0
Ben_Arous,villa,1014.0,4.0,6.0,682709.7532290902
Ariana,villa,300.0,2.0,4.0,980000.0
Ben_Arous,villa,524.0,2.0,3.0,650000.0
Ben_Arous,Maison,189.0,2.0,2.0,98000.0
Ben_Arous,Maison,120.0,2.0,5.0,312182.5156045893
Tunis,Maison,250.0,4.0,3.0,720000.0
Tunis,Maison,260.0,3.0,5.0,320000.0
Sfax,villa,700.0,3.0,4.0,600000.0
Nabeul,villa,440.0,2.0,4.0,845000.0
Tunis,villa,464.0,3.0,3.0,636496.9856366813
Ariana,villa,300.0,2.0,5.0,970000.0
Ben_Arous,villa,477.0,2.0,4.0,680000.0
Ben_Arous,villa,169.0,3.0,6.0,480000.0
Ben_Arous,villa,444.0,3.0,4.0,480000.0
Ariana,villa,539.0,2.0,6.0,900000.0
Ariana,villa,380.0,5.0,4.0,696627.3317576128
Ben_Arous,villa,460.0,3.0,6.0,450000.0
La_Manouba,villa,565.0,4.0,9.0,752781.2801280185
Mdenine,villa,450.0,4.0,5.0,576972.1407900127
Monastir,Maison,490.0,2.0,2.0,218000.0
Ariana,Maison,90.0,2.0,6.0,360000.0
Nabeul,villa,300.0,5.0,4.0,755219.3389948253
Sfax,villa,829.0,2.0,3.0,850000.0
Ariana,villa,318.0,1.0,2.0,620997.9018431583
Ariana,Maison,420.0,1.0,5.0,401970.6437641308
Tunis,Maison,70.0,1.0,4.0,80000.0
Ben_Arous,Maison,120.0,3.0,5.0,312154.2035826534
Nabeul,villa,506.0,2.0,4.0,740000.0
Nabeul,Appartement,75.0,1.0,1.0,300000.0
Ariana,villa,400.0,1.0,5.0,450000.0
Nabeul,Maison,350.0,3.0,6.0,200000.0
Ariana,villa,306.0,2.0,7.0,810312.6399337281
Ben_Arous,villa,600.0,4.0,5.0,644807.120850657
Tunis,villa,611.0,2.0,4.0,674406.1145494571
Ariana,villa,227.0,2.0,4.0,970000.0
Nabeul,Maison,550.0,4.0,9.0,611970.097651291
Nabeul,villa,380.0,2.0,4.0,980000.0
Nabeul,Maison,275.0,1.0,3.0,384819.72788130713
Nabeul,villa,316.0,2.0,3.0,950000.0
Gafsa,villa,402.0,2.0,5.0,427860.3695220265
Sfax,Maison,189.0,1.0,3.0,232085.7567609737
Nabeul,villa,245.0,3.0,3.0,670000.0
Nabeul,villa,300.0,3.0,4.0,890000.0
Ariana,Maison,480.0,2.0,4.0,364078.4279821857
Tunis,villa,300.0,4.0,4.0,500000.0
Nabeul,Maison,280.0,1.0,5.0,460557.7486445807
Bja,villa,270.0,2.0,6.0,772440.892402899
Ben_Arous,Maison,100.0,1.0,4.0,130000.0
Nabeul,villa,535.0,2.0,4.0,755323.4759579529
Ben_Arous,villa,436.0,3.0,7.0,720559.6453309851
Nabeul,Maison,280.0,3.0,6.0,498369.9307174805
Tunis,villa,241.0,3.0,6.0,550000.0
Nabeul,villa,280.0,2.0,4.0,724999.0
Nabeul,villa,269.0,2.0,3.0,620000.0
Nabeul,villa,364.0,2.0,4.0,755309.5042411797
Ariana,villa,280.0,2.0,4.0,590000.0
Monastir,villa,1200.0,3.0,8.0,600634.0518360096
Sousse,villa,600.0,1.0,6.0,850000.0
Nabeul,villa,220.0,2.0,4.0,650000.0
Ben_Arous,Maison,500.0,2.0,6.0,990000.0
Ariana,Maison,350.0,2.0,6.0,439805.4184427435
Ben_Arous,Maison,135.0,1.0,4.0,120000.0
Sousse,villa,1200.0,3.0,6.0,787899.968658362
Tunis,Maison,189.0,1.0,3.0,189999.0
Ariana,villa,402.0,2.0,6.0,269997.0
Nabeul,villa,500.0,1.0,2.0,300000.0
Tunis,villa,253.0,2.0,3.0,1230000.0
Nabeul,Maison,90.0,3.0,4.0,422616.794354189
Sfax,villa,800.0,2.0,9.0,450000.0
Ariana,villa,545.0,2.0,4.0,780000.0
Tunis,Maison,140.0,1.0,4.0,341753.932634968
Ben_Arous,Maison,256.0,2.0,4.0,274324.8214964795
Ben_Arous,villa,363.0,2.0,4.0,606975.5744685449
Ben_Arous,villa,373.0,1.0,4.0,540000.0
Jendouba,villa,802.0,1.0,3.0,550000.0
Ariana,villa,420.0,2.0,4.0,980000.0
Nabeul,Maison,500.0,2.0,3.0,180000.0
Nabeul,villa,400.0,3.0,4.0,755284.1336333014
Nabeul,villa,329.0,4.0,3.0,1100000.0
Ben_Arous,villa,562.0,4.0,8.0,830000.0
Ariana,villa,457.0,2.0,3.0,658849.7530644941
Ariana,villa,400.0,3.0,4.0,696685.5899204053
Ben_Arous,villa,500.0,1.0,1.0,990000.0
Ben_Arous,villa,420.0,1.0,3.0,1100000.0
Tunis,Maison,120.0,1.0,2.0,130000.0
Bizerte,Maison,110.0,1.0,4.0,165000.0
Ariana,villa,426.0,1.0,4.0,790000.0
Tunis,villa,244.0,2.0,5.0,1200000.0
Ariana,Maison,466.0,1.0,3.0,480000.0
Tunis,villa,374.0,3.0,3.0,1200000.0
Bizerte,villa,402.0,1.0,2.0,1200000.0
Nabeul,villa,1200.0,1.0,3.0,717537.3163172356
Ariana,villa,200.0,1.0,3.0,420000.0
Ariana,Maison,466.0,1.0,4.0,480000.0
Ariana,villa,400.0,1.0,5.0,780000.0
Tunis,villa,649.0,4.0,9.0,1180000.0
Tunis,villa,402.0,2.0,4.0,674389.0380067341
Tunis,Maison,143.0,1.0,3.0,290000.0
Ben_Arous,villa,125.0,2.0,6.0,250000.0
Tunis,Maison,100.0,3.0,6.0,450000.0
Sfax,Maison,512.0,1.0,3.0,450000.0
Tunis,villa,500.0,4.0,3.0,636471.615028803
Tunis,villa,590.0,4.0,5.0,712216.5807974901
La_Manouba,villa,518.0,3.0,4.0,563461.7213866321
Tunis,villa,350.0,3.0,4.0,850000.0
Ariana,villa,575.0,4.0,4.0,696671.576439027
Tunis,villa,402.0,2.0,3.0,636520.2318899625
La_Manouba,Maison,189.0,2.0,6.0,265000.0
Nabeul,villa,420.0,1.0,3.0,680000.0
Ben_Arous,villa,256.0,2.0,4.0,606966.8319323184
Nabeul,villa,385.0,3.0,6.0,1250000.0
Mdenine,villa,220.0,2.0,4.0,539141.1663495228
Sousse,villa,405.0,2.0,5.0,750000.0
Sousse,Maison,180.0,2.0,2.0,150000.0
Ariana,villa,764.0,2.0,2.0,950000.0
Ben_Arous,villa,440.0,4.0,8.0,758400.4662496052
Ben_Arous,Maison,85.0,3.0,8.0,160000.0
Nabeul,villa,1085.0,3.0,3.0,600000.0
Ben_Arous,villa,350.0,5.0,6.0,550000.0
Tunis,villa,400.0,2.0,4.0,750000.0
Nabeul,villa,530.0,2.0,4.0,650000.0
Tunis,Maison,120.0,1.0,3.0,50000.0
Ben_Arous,villa,504.0,2.0,3.0,380000.0
Sfax,Maison,400.0,1.0,1.0,156365.38448204545
Tunis,villa,400.0,4.0,8.0,750000.0
Tunis,villa,411.0,5.0,8.0,1050000.0
Ben_Arous,villa,440.0,2.0,4.0,550000.0
Tunis,villa,550.0,2.0,8.0,970000.0
Ariana,villa,402.0,2.0,4.0,820000.0
Bizerte,Maison,103.0,2.0,4.0,240945.16124312265
Bizerte,villa,206.0,2.0,3.0,470000.0
Tunis,villa,654.0,4.0,4.0,674353.0038612653
Tunis,villa,400.0,3.0,5.0,712229.3686896779
Nabeul,Maison,245.0,1.0,3.0,270000.0
Nabeul,Maison,743.0,2.0,4.0,660000.0
Ariana,Maison,324.0,1.0,3.0,350000.0
Ariana,Appartement,156.0,1.0,3.0,295000.0
Tunis,villa,463.0,4.0,5.0,712206.2041423426
Nabeul,villa,318.0,4.0,4.0,1000000.0
Tunis,villa,520.0,4.0,6.0,980000.0
Tunis,Maison,172.0,1.0,3.0,303887.74110846967
Ben_Arous,Maison,90.0,1.0,3.0,98000.0
Ariana,villa,620.0,1.0,4.0,360000.0
Nabeul,villa,520.0,4.0,5.0,793134.4324416623
Nabeul,villa,1250.0,4.0,5.0,793194.0777822735
Bizerte,villa,270.0,2.0,3.0,350000.0
Bizerte,villa,252.0,2.0,1.0,449996.0
Ariana,Maison,85.0,2.0,4.0,175000.0
Ben_Arous,villa,135.0,2.0,9.0,240000.0
Ben_Arous,villa,245.0,2.0,8.0,400000.0
Ben_Arous,villa,300.0,3.0,7.0,540000.0
Ben_Arous,Maison,90.0,2.0,7.0,155000.0
Ben_Arous,villa,187.0,1.0,3.0,230000.0
Ben_Arous,villa,300.0,1.0,5.0,280000.0
Ben_Arous,villa,400.0,3.0,7.0,650000.0
Ariana,villa,530.0,3.0,6.0,450000.0
Tunis,Maison,100.0,2.0,8.0,210000.0
Ben_Arous,Maison,135.0,2.0,8.0,240000.0
Ben_Arous,villa,187.0,1.0,5.0,235000.0
Ariana,villa,260.0,5.0,4.0,696617.5270440876
Ariana,villa,1000.0,3.0,6.0,772472.2257215744
Tunis,villa,402.0,4.0,3.0,636463.6078460908
Tunis,villa,402.0,2.0,3.0,636520.2318899625
Tunis,Maison,280.0,2.0,8.0,493212.2839125646
Ariana,villa,350.0,1.0,4.0,420000.0
Nabeul,Maison,200.0,1.0,3.0,384813.599935354
Sfax,Maison,371.0,1.0,3.0,350000.0
Nabeul,villa,260.0,2.0,3.0,1150000.0
Tunis,Maison,100.0,2.0,4.0,341722.3523751904
Ariana,Maison,330.0,1.0,3.0,326225.6779954436
Ben_Arous,villa,900.0,3.0,6.0,682728.7507731774
Ariana,villa,200.0,2.0,3.0,135000.0
La_Manouba,Appartement,200.0,1.0,2.0,175000.0
Le_Kef,villa,314.0,1.0,5.0,444365.3201562977
Ben_Arous,villa,400.0,2.0,6.0,300000.0
Tunis,villa,325.0,2.0,4.0,670000.0
Nabeul,villa,315.0,3.0,6.0,370000.0
Tunis,villa,520.0,2.0,6.0,950000.0
Sousse,villa,218.0,1.0,4.0,950000.0
Tunis,villa,520.0,2.0,7.0,975000.0
Sousse,villa,218.0,2.0,4.0,712110.4332077405
Tunis,villa,493.0,3.0,6.0,750105.7734594315
Ariana,villa,480.0,1.0,3.0,220000.0
Nabeul,villa,400.0,2.0,4.0,850000.0
Ben_Arous,villa,518.0,3.0,6.0,800000.0
Sousse,villa,349.0,2.0,3.0,590000.0
La_Manouba,Maison,84.0,1.0,1.0,117234.4562637674
Tunis,villa,220.0,2.0,5.0,500000.0
Ariana,villa,600.0,3.0,5.0,1200000.0
Ben_Arous,villa,582.0,3.0,6.0,950000.0
Tunis,villa,500.0,3.0,8.0,680000.0
Tunis,villa,327.0,3.0,4.0,1150000.0
Tunis,villa,668.0,3.0,4.0,674382.4597664457
Sousse,villa,570.0,3.0,6.0,787848.493912355
Tunis,villa,402.0,2.0,3.0,636520.2318899625
Sfax,Maison,130.0,1.0,4.0,150000.0
Tunis,Maison,110.0,1.0,3.0,180000.0
Sousse,villa,228.0,1.0,4.0,288000.0
Ariana,villa,326.0,1.0,2.0,370000.0
Tunis,villa,500.0,2.0,1.0,560790.6268391315
Bizerte,villa,115.0,2.0,3.0,300000.0
Monastir,Maison,203.0,1.0,2.0,125000.0
Tunis,villa,268.0,3.0,5.0,570000.0
Tunis,villa,300.0,3.0,3.0,260000.0
Tunis,villa,450.0,4.0,5.0,1200000.0
Nabeul,Maison,300.0,1.0,3.0,250000.0
Ariana,villa,425.0,2.0,7.0,810322.3629413072
Nabeul,villa,280.0,3.0,4.0,725000.0
Tunis,villa,420.0,3.0,4.0,674362.1966918272
Sfax,villa,630.0,2.0,3.0,305000.0
Sfax,villa,1276.0,2.0,4.0,850000.0
Sfax,villa,870.0,1.0,3.0,564783.4089460678
Sfax,villa,621.6,2.0,3.0,780000.0
Sfax,villa,800.0,2.0,4.0,725000.0
Bizerte,villa,215.0,2.0,5.0,611465.1288616899
Ariana,villa,150.0,2.0,8.0,178000.0
Tunis,Maison,200.0,1.0,3.0,370000.0
Sfax,Maison,465.0,2.0,4.0,269948.8016969173
Sousse,villa,450.0,2.0,4.0,712129.3889872225
Nabeul,villa,400.0,3.0,7.0,750000.0
Ariana,villa,435.0,1.0,3.0,240000.0
Ariana,villa,700.0,3.0,4.0,696710.1017042182
Ariana,villa,300.0,3.0,5.0,734546.2254425727
Ben_Arous,Maison,180.0,2.0,3.0,280000.0
Sfax,villa,400.0,3.0,6.0,678294.8014578708
Sfax,villa,650.0,2.0,5.0,470000.0
Tunis,villa,456.0,4.0,7.0,787943.2444342636
Ariana,villa,672.0,3.0,5.0,940000.0
Ariana,villa,700.0,4.0,4.0,696681.7896822824
Tunis,villa,402.0,2.0,2.0,585000.0
Tunis,villa,414.0,3.0,7.0,720000.0
Ben_Arous,villa,500.0,1.0,3.0,569146.2740883171
La_Manouba,Maison,100.0,2.0,5.0,268682.6760040548
Tunis,villa,365.0,3.0,8.0,825832.9273318811
Sousse,villa,600.0,2.0,8.0,850000.0
Ariana,villa,178.0,1.0,3.0,350000.0
Tunis,villa,360.0,1.0,3.0,750000.0
Tunis,villa,450.0,3.0,7.0,787971.0662205231
La_Manouba,Maison,250.0,2.0,8.0,382301.35024627607
Nabeul,Maison,133.0,1.0,2.0,155000.0
Kairouan,villa,380.0,2.0,5.0,680000.0
Sfax,villa,420.0,3.0,5.0,640427.62946002
Ben_Arous,villa,463.0,1.0,3.0,530000.0
Ben_Arous,villa,220.0,2.0,6.0,682701.5027518042
Nabeul,villa,87.0,2.0,2.0,95000.0
Ben_Arous,villa,400.0,3.0,5.0,780000.0
Ben_Arous,villa,172.0,2.0,4.0,606959.9686328508
Ben_Arous,villa,235.0,2.0,3.0,569096.3099906798
Ariana,villa,420.0,2.0,4.0,696715.536061262
Sousse,villa,420.0,2.0,4.0,650000.0
Tunis,villa,253.0,2.0,4.0,600000.0
Tunis,villa,400.0,3.0,6.0,850000.0
Tunis,villa,201.0,1.0,2.0,680000.0
Tunis,villa,700.0,3.0,5.0,712253.8804734907
Tunis,villa,757.0,1.0,3.0,520000.0
Nabeul,Maison,420.0,2.0,4.0,422672.0693383191
Nabeul,Maison,150.0,2.0,4.0,300000.0
Ben_Arous,villa,800.0,3.0,4.0,606982.9679450297
Tunis,villa,1050.0,2.0,6.0,750179.5956933133
Nabeul,villa,320.0,3.0,4.0,780000.0
Sousse,villa,300.0,2.0,5.0,1250000.0
Ariana,villa,235.0,1.0,3.0,658859.9263664084
Ben_Arous,villa,232.0,2.0,5.0,435000.0
Ariana,villa,469.0,1.0,7.0,810354.2700248691
Tunis,Maison,200.0,2.0,5.0,379599.3290865663
Ben_Arous,Maison,189.0,2.0,2.0,198581.7349645513
Mahdia,Maison,1421.0,1.0,1.0,190000.0
Nabeul,Maison,189.0,1.0,3.0,250000.0
Tunis,villa,661.0,2.0,3.0,650000.0
Bizerte,Maison,148.0,1.0,1.0,280000.0
Ariana,villa,430.0,2.0,3.0,850000.0
Nabeul,villa,350.0,2.0,4.0,800000.0
Nabeul,villa,840.0,5.0,5.0,793132.26632246
Nabeul,villa,360.0,3.0,5.0,850000.0
Monastir,villa,1255.0,2.0,6.0,524929.2454514347
Tunis,villa,225.0,2.0,3.0,450000.0
Nabeul,Maison,150.0,2.0,6.0,480000.0
Sousse,Maison,314.0,2.0,3.0,830000.0
Tunis,villa,344.0,2.0,3.0,670000.0
Bizerte,villa,609.0,1.0,3.0,520000.0
Tunis,villa,520.0,2.0,7.0,788005.0976586821
Nabeul,villa,200.0,3.0,1.0,250002.0
Tunis,Maison,105.0,1.0,3.0,170000.0
Ben_Arous,villa,210.0,2.0,6.0,380000.0
Ben_Arous,villa,400.0,2.0,8.0,320000.0
Ben_Arous,villa,168.0,1.0,4.0,230000.0
Sfax,Appartement,220.0,1.0,4.0,230000.0
Ben_Arous,Appartement,117.0,1.0,3.0,150000.0
Ariana,villa,640.0,4.0,3.0,658808.081208748
Tunis,villa,334.0,5.0,7.0,787904.9642869104
Nabeul,Maison,120.0,1.0,2.0,346938.25734289887
Ariana,villa,636.0,2.0,4.0,320000.0
Ben_Arous,Maison,150.0,1.0,3.0,236475.6665713632
Ben_Arous,villa,402.0,3.0,3.0,569081.6428617331
Nabeul,villa,240.0,2.0,4.0,450000.0
Sousse,Maison,520.0,1.0,4.0,420000.0
Bizerte,villa,538.0,3.0,8.0,750000.0
Nabeul,villa,345.0,2.0,4.0,755307.9518282048
Tunis,villa,270.0,3.0,7.0,550000.0
Nabeul,villa,217.0,2.0,5.0,650000.0
Sfax,villa,140.0,1.0,4.0,602592.5697222282
Tunis,villa,370.0,3.0,3.0,1250000.0
Nabeul,villa,536.0,3.0,3.0,850000.0
Sfax,villa,870.0,1.0,2.0,420000.0
Monastir,villa,200.0,2.0,5.0,600000.0
Ariana,villa,238.0,3.0,4.0,370000.0
Sousse,Maison,125.0,2.0,2.0,160000.0
Sousse,villa,500.0,1.0,3.0,460000.0
Le_Kef,villa,230.0,1.0,2.0,200000.0
Ben_Arous,villa,582.0,1.0,6.0,950000.0
Nabeul,villa,900.0,4.0,5.0,793165.4807011585
Tunis,Maison,100.0,1.0,3.0,303881.8582803546
Gabs,villa,402.0,2.0,5.0,505254.1778049556
Sfax,villa,684.0,2.0,5.0,640477.5118517112
Sousse,villa,402.0,2.0,4.0,712125.4671018124
Ariana,villa,230.0,2.0,5.0,734568.8180482856
Nabeul,Maison,230.0,1.0,5.0,460553.6633472785
Bizerte,Maison,121.0,2.0,4.0,280000.0
Sfax,villa,920.0,3.0,9.0,735000.0
Nabeul,villa,834.0,2.0,4.0,755347.9060358198
Zaghouan,villa,400.0,1.0,4.0,230000.0
Sousse,villa,260.0,2.0,3.0,674245.0587407027
Mdenine,villa,500.0,2.0,3.0,501295.2378976432
Ariana,villa,380.0,1.0,3.0,410000.0
Nabeul,villa,90.0,2.0,2.0,300000.0
Nabeul,villa,269.0,1.0,3.0,400000.0
Sousse,Maison,189.0,1.0,3.0,341625.55920463067
Bizerte,villa,430.0,1.0,3.0,600000.0
Sfax,villa,1133.0,1.0,4.0,520000.0
Tunis,villa,479.0,3.0,6.0,900000.0
Sousse,Maison,500.0,3.0,6.0,1200000.0
Ben_Arous,Maison,260.0,1.0,5.0,312222.26645897125
Tunis,Maison,90.0,1.0,2.0,266012.23510412255
La_Manouba,villa,400.0,2.0,7.0,630000.0
La_Manouba,villa,500.0,3.0,6.0,639197.8629131465
Tunis,villa,450.0,2.0,3.0,636524.1537753725
Bizerte,Maison,504.0,1.0,3.0,109999.0
Sfax,villa,350.0,1.0,3.0,564740.9218541256
Kairouan,Maison,340.0,1.0,3.0,410000.0
Sousse,villa,465.0,2.0,4.0,1250000.0
Nabeul,villa,450.0,3.0,4.0,400000.0
Zaghouan,villa,610.0,4.0,5.0,790000.0
Tunis,villa,749.0,3.0,6.0,750126.6901816183
Nabeul,villa,500.0,2.0,3.0,700000.0
Ariana,Maison,110.0,1.0,2.0,145000.0
Tunis,villa,140.0,1.0,4.0,674395.9430708068
Nabeul,Maison,189.0,1.0,6.0,498419.1195202624
Nabeul,villa,700.0,4.0,4.0,1050000.0
Monastir,villa,209.0,1.0,4.0,235000.0
Ariana,Maison,230.0,2.0,4.0,364058.0014956751
Bizerte,villa,150.0,1.0,4.0,380000.0
Bizerte,Maison,160.0,1.0,2.0,165240.51827043973
Ariana,Maison,116.0,2.0,5.0,401917.4931345978
Ben_Arous,Maison,190.0,2.0,4.0,269000.0
Gabs,villa,400.0,2.0,7.0,270000.0
Ben_Arous,Maison,100.0,1.0,3.0,236471.58127406109
Gabs,Maison,500.0,2.0,6.0,210488.98066860053
Mdenine,villa,490.0,2.0,5.0,577032.0330717261
Nabeul,Maison,200.0,1.0,2.0,330000.0
Nabeul,villa,834.0,3.0,4.0,755319.594013884
Tunis,villa,700.0,2.0,4.0,674413.386378655
Tunis,villa,740.0,5.0,6.0,750069.3307842321
Sousse,villa,587.0,4.0,9.0,1050000.0
Ariana,villa,150.0,1.0,3.0,658852.9813609947
Tunis,villa,118.0,2.0,2.0,350000.0
Nabeul,villa,485.0,2.0,4.0,755319.3906606508
La_Manouba,villa,409.0,3.0,8.0,550000.0
Tunis,villa,300.0,2.0,5.0,650000.0
Nabeul,villa,480.0,2.0,2.0,680000.0
Sfax,Maison,189.0,1.0,3.0,232085.7567609737
Ariana,villa,459.0,2.0,4.0,696718.7225931578
Ariana,villa,528.0,2.0,6.0,772461.9725369781
Tunis,villa,486.0,2.0,2.0,598658.2890726584
Bizerte,villa,315.0,3.0,5.0,360000.0
Ariana,villa,121.0,2.0,2.0,620953.4937498521
Ben_Arous,villa,562.0,3.0,5.0,644832.3280466432
Sousse,villa,280.0,2.0,6.0,570000.0
Siliana,Maison,110.0,1.0,3.0,326207.7026873142
Ariana,villa,110.0,1.0,1.0,135000.0
Mdenine,Maison,300.0,1.0,2.0,130796.39217776003
Ben_Arous,villa,400.0,1.0,3.0,500000.0
Sfax,villa,402.0,2.0,3.0,564716.8585413839
Mdenine,villa,359.0,3.0,3.0,500000.0
Nabeul,villa,600.0,5.0,4.0,755243.8507786382
Ariana,Maison,140.0,1.0,4.0,120000.0
Tunis,Maison,189.0,1.0,4.0,341757.93622632406
Tunis,Maison,120.0,2.0,5.0,379592.7926108829
Sousse,villa,120.0,3.0,3.0,470000.0
Tunis,Maison,150.0,5.0,6.0,450000.0
Nabeul,Appartement,200.0,1.0,1.0,170000.0
Nabeul,villa,890.0,2.0,3.0,870000.0
Ariana,villa,400.0,1.0,3.0,200000.0
Nabeul,Maison,150.0,2.0,3.0,384781.2026161159
Nabeul,Appartement,106.0,1.0,2.0,190000.0
Tunis,villa,102.0,2.0,3.0,310000.0
Tunis,villa,500.0,2.0,6.0,750000.0
Ariana,villa,240.0,4.0,4.0,950000.0
Ben_Arous,villa,100.0,1.0,3.0,569113.5917099
Nabeul,villa,600.0,2.0,3.0,690000.0
Sfax,Maison,240.0,2.0,6.0,280000.0
Jendouba,villa,600.0,1.0,5.0,575295.9286967604
Ariana,villa,1100.0,3.0,6.0,772480.3963161786
Tunis,villa,350.0,3.0,4.0,1250000.0
Nabeul,villa,320.0,2.0,4.0,990000.0
Nabeul,villa,200.0,3.0,4.0,750000.0
Nabeul,Maison,450.0,1.0,3.0,230000.0
Monastir,villa,402.0,2.0,3.0,411253.1319291452
Nabeul,villa,210.0,4.0,3.0,717371.4913648455
Ben_Arous,villa,529.0,4.0,7.0,1200000.0
Zaghouan,villa,402.0,1.0,3.0,580000.0
Nabeul,villa,1053.0,4.0,5.0,1100000.0
Nabeul,villa,450.0,4.0,4.0,1250000.0
Sousse,Maison,277.0,1.0,3.0,249000.0
Ben_Arous,Maison,630.0,2.0,6.0,950000.0
Bizerte,Maison,162.0,2.0,6.0,316687.59412748244
Ariana,villa,500.0,4.0,6.0,700000.0
Mdenine,Maison,189.0,1.0,3.0,168656.1289345209
Nabeul,villa,481.0,1.0,3.0,717478.5697420309
Nabeul,villa,571.0,4.0,6.0,831007.4055616821
Nabeul,villa,224.0,2.0,4.0,755298.0654087337
La_Manouba,Maison,240.0,2.0,6.0,306562.9209532724
Mdenine,villa,519.0,2.0,3.0,450000.0
Mdenine,villa,158.0,2.0,3.0,501267.2944640966
Ariana,villa,220.0,2.0,3.0,200000.0
Mdenine,villa,550.0,4.0,6.0,520000.0
Sousse,Maison,215.0,1.0,3.0,225000.0
Ariana,villa,120.0,2.0,2.0,210000.0
Tunis,villa,888.0,2.0,8.0,1200000.0
Nabeul,villa,385.0,3.0,3.0,717414.101927339
Sousse,villa,1000.0,2.0,5.0,980000.0
Ben_Arous,villa,402.0,2.0,3.0,365000.0
Ben_Arous,Maison,500.0,2.0,6.0,350082.36998085724
Ariana,villa,300.0,2.0,3.0,240000.0
Monastir,Maison,189.0,1.0,2.0,70000.0
Ariana,villa,630.0,2.0,3.0,400000.0
Ariana,villa,402.0,2.0,3.0,650000.0
Sfax,Maison,110.0,1.0,3.0,232079.3019912363
Sousse,Maison,150.0,1.0,3.0,220000.0
Nabeul,villa,700.0,4.0,5.0,1050000.0
Tunis,villa,230.0,4.0,5.0,712187.1666569146
Sousse,Appartement,120.0,1.0,3.0,346324.4225505299
Bizerte,Maison,200.0,2.0,4.0,240953.08671988884
Sfax,villa,402.0,2.0,4.0,602585.6646581555
Ben_Arous,villa,430.0,2.0,6.0,750000.0
Sousse,villa,100.0,2.0,4.0,712100.7919061074
Tunis,villa,266.0,4.0,4.0,730000.0
Ben_Arous,villa,1440.0,4.0,8.0,1200000.0
Nabeul,Maison,107.0,2.0,5.0,460515.30149397935
Nabeul,villa,402.0,3.0,3.0,799999.0
Ariana,villa,402.0,1.0,5.0,480000.0
Tunis,villa,670.0,2.0,9.0,863754.9657841318
Nabeul,villa,700.0,5.0,4.0,1050000.0
Ben_Arous,villa,437.0,3.0,5.0,780000.0
Ariana,villa,480.0,4.0,4.0,1150000.0
Ben_Arous,villa,340.0,1.0,2.0,750000.0
Ariana,villa,378.0,1.0,6.0,772478.0286670076
Nabeul,villa,779.0,2.0,3.0,717474.6060920157
Nabeul,villa,400.0,2.0,3.0,717443.6395384655
Nabeul,villa,205.0,2.0,4.0,645000.0
Bja,villa,278.0,1.0,5.0,734601.0519556315
Sfax,villa,878.0,1.0,3.0,1250000.0
Ben_Arous,villa,402.0,2.0,3.0,220000.0
Tunis,villa,250.0,1.0,3.0,190000.0
Tunis,Maison,189.0,3.0,3.0,303832.50606568065
Bizerte,villa,402.0,2.0,3.0,535742.7956400567
Sousse,villa,506.0,2.0,4.0,712133.9645202009
Tunis,Maison,100.0,2.0,3.0,315000.0
La_Manouba,villa,500.0,3.0,3.0,525591.4445628317
Ariana,Maison,200.0,1.0,2.0,330000.0
Nabeul,Maison,460.0,1.0,3.0,384834.8434813251
Monastir,Maison,185.0,2.0,4.0,295000.0
Nabeul,villa,1200.0,4.0,8.0,906796.410835286
Ariana,villa,1250.0,4.0,5.0,1100000.0
Ariana,villa,170.0,2.0,5.0,734563.9156915231
Sousse,villa,638.0,2.0,7.0,825751.1680553935
Jendouba,Maison,189.0,1.0,6.0,250000.0
Ben_Arous,Maison,126.5,1.0,2.0,175000.0
Ariana,villa,275.0,1.0,3.0,300000.0
Ariana,villa,380.0,3.0,3.0,990000.0
Ben_Arous,villa,190.0,1.0,4.0,170000.0
Sousse,villa,160.0,1.0,3.0,260000.0
Ben_Arous,villa,324.0,3.0,7.0,720550.4942650283
Nabeul,Maison,140.0,1.0,3.0,384808.69757859135
Sousse,villa,1132.0,4.0,6.0,787866.1006320952
Sousse,villa,740.0,5.0,7.0,825674.565996082
Ariana,villa,402.0,2.0,3.0,658845.2592374617
Ariana,villa,220.0,1.0,2.0,190000.0
Ben_Arous,villa,436.0,3.0,4.0,606953.2269806701
Ben_Arous,villa,1220.0,2.0,8.0,758520.8209313902
Tunis,Maison,189.0,1.0,3.0,230000.0
Sfax,Maison,400.0,1.0,3.0,232102.9967155888
Ben_Arous,Maison,70.0,2.0,3.0,236440.8180737439
Ariana,Maison,250.0,2.0,4.0,364059.635614596
Sfax,villa,870.0,1.0,2.0,430000.0
Ariana,Maison,151.0,1.0,2.0,115000.0
Ariana,villa,538.0,2.0,4.0,360000.0
Ariana,villa,460.0,3.0,4.0,825000.0
Ariana,villa,350.0,2.0,3.0,450000.0
Sousse,villa,200.0,2.0,3.0,674240.15638394
Ariana,villa,420.0,5.0,9.0,1250000.0
Ariana,villa,538.0,2.0,4.0,370000.0
Nabeul,villa,487.0,4.0,4.0,1250000.0
Tunis,villa,500.0,3.0,1.0,560762.3148171955
Ariana,villa,460.0,3.0,5.0,734559.2983939396
Nabeul,villa,200.0,1.0,2.0,410000.0
Ariana,villa,880.0,3.0,4.0,696724.808774506
Ariana,Maison,189.0,1.0,3.0,280000.0
Ariana,Maison,187.0,1.0,3.0,326213.9940451595
Tunis,villa,526.0,2.0,4.0,674399.1695440435
Tunis,villa,415.0,4.0,9.0,650000.0
Tunis,villa,200.0,2.0,3.0,636503.7272888619
Ben_Arous,villa,386.0,4.0,6.0,620000.0
Tunis,villa,574.0,3.0,4.0,674374.7794075176
Tunis,villa,150.0,1.0,4.0,674396.7601302674
Tunis,villa,580.0,4.0,3.0,1200000.0
Ariana,villa,702.0,3.0,9.0,886054.2956999685
Sousse,villa,800.0,4.0,2.0,636363.7497909224
Bizerte,Maison,220.0,3.0,5.0,278795.21493364545
La_Manouba,villa,328.0,2.0,4.0,650000.0
Ariana,villa,550.0,1.0,3.0,658885.6637394119
Sousse,villa,280.0,2.0,4.0,950000.0
Nabeul,villa,245.0,2.0,3.0,589999.0
Ben_Arous,villa,80.0,1.0,2.0,300000.0
Tunis,villa,400.0,2.0,5.0,820000.0
Nabeul,villa,600.0,4.0,5.0,800000.0
Tunis,villa,330.0,2.0,6.0,750120.7674121624
Ben_Arous,villa,270.0,2.0,3.0,590000.0
Tunis,villa,150.0,3.0,8.0,825815.3605534821
Sousse,villa,414.0,2.0,7.0,825732.8659234799
Nabeul,villa,443.0,3.0,4.0,1180000.0
Sfax,villa,402.0,2.0,3.0,470000.0
Tunis,villa,285.0,4.0,4.0,674322.8543671754
Ben_Arous,villa,400.0,1.0,4.0,620000.0
Tunis,villa,280.0,3.0,4.0,950000.0
Nabeul,Maison,300.0,3.0,5.0,460502.7587196297
Tunis,villa,530.0,4.0,4.0,674342.8723239559
Nabeul,villa,300.0,3.0,1.0,641669.5446883821
Nabeul,villa,285.0,3.0,4.0,755274.7374495063
Tunis,villa,587.0,2.0,4.0,674404.1536067522
Sousse,villa,435.0,2.0,3.0,674259.3572812602
Ben_Arous,Maison,269.0,2.0,6.0,350063.49590732134
Tunis,villa,430.0,3.0,5.0,870000.0
Ben_Arous,villa,316.0,4.0,4.0,800000.0
Nabeul,villa,300.0,3.0,5.0,793144.7691554686
Sfax,villa,160.0,2.0,4.0,220000.0
Bja,villa,477.0,4.0,9.0,886007.599840173
Tunis,villa,220.0,2.0,5.0,712242.973641326
Ben_Arous,villa,470.0,2.0,5.0,680000.0
Tunis,villa,500.0,3.0,4.0,674368.7331675105
Tunis,villa,368.0,4.0,6.0,750067.2481942403
Nabeul,villa,225.0,2.0,3.0,670000.0
Nabeul,villa,1012.0,2.0,3.0,1050000.0
Sfax,Maison,120.0,1.0,3.0,120000.0
Ariana,villa,468.0,2.0,5.0,830000.0
Tunis,Maison,75.0,1.0,3.0,303879.81563170353
Sfax,Maison,600.0,2.0,3.0,400000.0
Kairouan,villa,520.0,3.0,5.0,550000.0
Kairouan,Maison,138.0,2.0,5.0,230000.0
Ariana,villa,429.0,4.0,3.0,881000.0
Nabeul,villa,968.0,3.0,4.0,755330.5426106537
Tunis,villa,498.0,4.0,8.0,825815.482200769
Tunis,villa,350.0,1.0,2.0,598675.4890859325
Jendouba,Maison,189.0,1.0,3.0,166882.7248835546
Ariana,villa,200.0,3.0,9.0,230000.0
Tunis,Maison,100.0,2.0,3.0,303853.5462584187
Kairouan,Maison,106.0,1.0,3.0,50000.0
Sousse,villa,450.0,1.0,3.0,950000.0
Tunis,Maison,200.0,1.0,5.0,320000.0
Ben_Arous,villa,288.0,3.0,6.0,682678.7467341991
Tunis,villa,480.0,2.0,4.0,255000.0
Ben_Arous,villa,180.0,1.0,3.0,380000.0
Ben_Arous,villa,402.0,1.0,2.0,550000.0
Ariana,villa,596.0,2.0,3.0,430000.0
Ben_Arous,villa,256.0,2.0,4.0,260000.0
Ben_Arous,villa,447.0,2.0,3.0,650000.0
Sousse,villa,200.0,2.0,4.0,712108.9625007117
Nabeul,villa,240.0,3.0,7.0,868877.4790322494
Sfax,villa,1000.0,1.0,4.0,602662.8368358249
Ben_Arous,villa,233.0,1.0,3.0,569124.4586007237
Sousse,Maison,460.0,1.0,4.0,379516.5076327799
Zaghouan,Maison,212.0,1.0,4.0,213773.18242620784
Tunis,villa,600.0,3.0,6.0,750114.515995658
Sousse,villa,1111.0,4.0,4.0,712126.7725736849
Nabeul,villa,800.0,2.0,4.0,755345.1280336543
Ben_Arous,villa,485.0,3.0,6.0,650000.0
Kasserine,Maison,530.0,1.0,5.0,401979.6314181954
Sousse,villa,402.0,3.0,5.0,450000.0
Sousse,villa,418.0,2.0,6.0,787864.3866304923
Sfax,Maison,147.0,1.0,3.0,232082.3251112399
Ariana,Maison,115.0,1.0,2.0,130000.0
Ariana,villa,150.0,1.0,5.0,734590.593594538
Tunis,Maison,300.0,1.0,3.0,303898.19946956314
Ben_Arous,Maison,180.0,2.0,3.0,200000.0
Ben_Arous,villa,300.0,2.0,4.0,470000.0
Sfax,Maison,259.0,2.0,3.0,232063.1641552608
Sfax,Maison,288.0,1.0,6.0,150000.0
Sousse,villa,218.0,2.0,4.0,950000.0
Nabeul,villa,800.0,3.0,6.0,1250000.0
Ben_Arous,Maison,156.0,2.0,3.0,260000.0
Bizerte,villa,249.0,2.0,4.0,573599.1007470838
Sousse,Maison,200.0,2.0,3.0,680000.0
Le_Kef,Maison,120.0,2.0,4.0,73810.3406282189
Ariana,Maison,218.0,1.0,3.0,250000.0
Gabs,Maison,189.0,1.0,3.0,96885.4637910022
Tunis,villa,530.0,5.0,6.0,980000.0
Ben_Arous,villa,200.0,2.0,3.0,569093.4502825683
Ariana,villa,280.0,3.0,5.0,850000.0
Ben_Arous,villa,402.0,2.0,3.0,305000.0
Tunis,Maison,200.0,2.0,4.0,160000.0
Kairouan,villa,360.0,2.0,3.0,450000.0
Le_Kef,Maison,200.0,1.0,5.0,275000.0
Bizerte,villa,600.0,2.0,6.0,577000.0
Bizerte,villa,1105.0,2.0,5.0,1250000.0
Ariana,Maison,150.0,3.0,3.0,400000.0
Tunis,villa,1300.0,2.0,4.0,674462.4099462805
Sfax,villa,350.0,2.0,4.0,602581.4159489612
Tunis,villa,600.0,1.0,5.0,712302.3339227582
Tunis,villa,368.0,2.0,3.0,636517.4538877971
Nabeul,villa,953.0,4.0,6.0,831038.6172330703
Ben_Arous,Maison,110.0,2.0,4.0,274312.89242835727
Ben_Arous,Maison,191.0,1.0,4.0,150000.0
Nabeul,villa,1000.0,2.0,5.0,793230.2753396346
Nabeul,Maison,170.0,2.0,4.0,230000.0
Tunis,villa,280.0,3.0,1.0,240000.0
Le_Kef,villa,1420.0,2.0,3.0,240000.0
Ariana,villa,217.0,2.0,3.0,270000.0
Mdenine,villa,295.0,2.0,5.0,577016.1004122477
Mdenine,villa,402.0,2.0,3.0,900000.0
Ariana,villa,634.0,3.0,3.0,800000.0
Bizerte,villa,402.0,2.0,4.0,573611.6017568284
Ariana,Maison,108.0,1.0,2.0,288338.73315865046
Mahdia,Maison,528.0,1.0,1.0,480000.0
Tunis,Maison,80.0,1.0,3.0,303880.2241614337
Ariana,villa,437.0,2.0,6.0,772454.5372958882
Sousse,villa,900.0,3.0,10.0,950000.0
Tunis,villa,285.0,1.0,4.0,440000.0
Tunis,Maison,189.0,1.0,3.0,303889.1301095524
Ariana,villa,200.0,1.0,2.0,330000.0
Ben_Arous,villa,460.0,2.0,4.0,606983.4999453111
Tunis,villa,268.0,1.0,4.0,350000.0
Nabeul,villa,229.0,2.0,4.0,330000.0
Tunis,Maison,189.0,1.0,3.0,130000.0
Tunis,Appartement,90.0,1.0,2.0,120000.0
Bizerte,villa,150.0,2.0,2.0,340000.0
Mdenine,villa,360.0,2.0,2.0,430000.0
Tunis,villa,316.0,2.0,10.0,901594.8479960044
Ariana,villa,400.0,3.0,4.0,970000.0
Tunis,Maison,189.0,1.0,3.0,303889.1301095524
Mahdia,Maison,189.0,1.0,6.0,382390.78113545134
Sfax,Maison,120.0,1.0,3.0,80000.0
Ben_Arous,villa,186.0,2.0,3.0,569092.3063993237
Nabeul,villa,129.0,2.0,7.0,868896.7216941745
Sousse,Maison,110.0,1.0,2.0,130000.0
Nabeul,Maison,300.0,1.0,3.0,384821.7705299582
Tunis,Maison,260.0,1.0,4.0,341763.7373484931
Tunis,villa,350.0,4.0,5.0,712196.9713704397
Nabeul,Maison,100.0,1.0,2.0,150000.0
Ben_Arous,villa,400.0,3.0,9.0,650000.0
Ariana,villa,200.0,1.0,4.0,280000.0
Nabeul,villa,537.0,2.0,4.0,755323.6393698449
Ben_Arous,villa,260.0,2.0,3.0,450000.0
Sousse,villa,1000.0,3.0,6.0,787883.6274691534
Sfax,Maison,209.0,2.0,3.0,180000.0
Sousse,villa,400.0,2.0,3.0,900000.0
Bizerte,villa,225.0,1.0,2.0,497887.8395927714
Ben_Arous,Maison,189.0,2.0,3.0,236450.541081323
Nabeul,villa,370.0,2.0,4.0,900000.0
Ariana,Maison,256.0,1.0,3.0,326219.6317554364
Ariana,villa,475.0,2.0,4.0,696720.0298882944
Ben_Arous,villa,315.0,2.0,6.0,700000.0
Ben_Arous,villa,407.0,2.0,4.0,650000.0
Nabeul,Appartement,1300.0,3.0,7.0,780000.0
Tunis,Maison,112.0,2.0,6.0,417460.9450800861
Ariana,villa,300.0,2.0,4.0,850000.0
Bizerte,villa,270.0,2.0,4.0,340000.0
Bizerte,villa,313.0,3.0,5.0,360000.0
Ben_Arous,villa,566.0,2.0,3.0,890000.0
Ben_Arous,villa,260.0,2.0,3.0,485000.0
La_Manouba,Maison,319.0,2.0,3.0,192962.9573726949
Ariana,Maison,100.0,1.0,3.0,326206.88562785374
Ariana,villa,430.0,1.0,4.0,300000.0
Ariana,Maison,257.0,1.0,3.0,290000.0
Ariana,villa,120.0,3.0,6.0,772400.3244890566
Tunis,Maison,120.0,1.0,3.0,85000.0
Tunis,villa,162.0,2.0,5.0,712238.2346964555
Ariana,villa,756.0,1.0,3.0,155000.0
Ben_Arous,Maison,206.0,1.0,3.0,236480.24210434165
Nabeul,villa,200.0,2.0,3.0,280000.0
Tunis,villa,260.0,1.0,4.0,420000.0
Tunis,villa,470.0,3.0,4.0,674366.2819891293
Tunis,villa,232.0,2.0,4.0,400000.0
Ariana,villa,300.0,3.0,5.0,1000000.0
Sfax,villa,468.0,1.0,4.0,602619.3692725301
Ben_Arous,villa,546.0,1.0,1.0,399997.0
Sousse,villa,218.0,2.0,3.0,750000.0
Nabeul,villa,300.0,4.0,7.0,990000.0
Ben_Arous,villa,720.0,4.0,8.0,750000.0
Gabs,Maison,360.0,3.0,5.0,459999.0
Sfax,villa,816.0,2.0,6.0,1250000.0
Ariana,villa,370.0,2.0,8.0,999999.0
Nabeul,villa,1050.0,5.0,7.0,868887.0368046723
Ben_Arous,villa,400.0,1.0,3.0,280000.0
Tunis,villa,300.0,2.0,5.0,750000.0
Ben_Arous,villa,270.0,4.0,6.0,550000.0
Tunis,villa,520.0,4.0,7.0,787948.4736148103
Monastir,villa,589.0,1.0,2.0,299000.0
Tunis,Maison,189.0,2.0,3.0,750100.0
Nabeul,villa,300.0,2.0,4.0,755304.275060633
Tunis,villa,876.0,4.0,7.0,787977.5609316016
Ben_Arous,villa,480.0,2.0,5.0,750000.0
Ben_Arous,Maison,119.0,1.0,4.0,270000.0
Bizerte,Maison,300.0,2.0,4.0,240961.25731449312
Ariana,Maison,140.0,1.0,4.0,364078.9599824671
Tunis,villa,402.0,2.0,8.0,825864.2624738207
Tunis,villa,74.0,1.0,3.0,150000.0
Ben_Arous,Maison,450.0,1.0,3.0,290000.0
Nabeul,villa,402.0,3.0,5.0,1100000.0
Le_Kef,Maison,100.0,1.0,4.0,93000.0
La_Manouba,Maison,450.0,2.0,4.0,250000.0
Sousse,villa,307.0,1.0,3.0,600000.0
Sousse,villa,400.0,3.0,7.0,825703.4100182992
Tunis,Maison,205.0,1.0,9.0,531103.2741053189
Tunis,Maison,440.0,3.0,6.0,417459.4326084523
Ben_Arous,villa,420.0,2.0,3.0,650000.0
Tunis,villa,300.0,2.0,3.0,636511.8978834662
Sfax,Maison,132.0,1.0,3.0,232081.09952204925
Tunis,Maison,80.0,1.0,6.0,90000.0
Ben_Arous,villa,200.0,2.0,2.0,531224.6441657967
Sousse,villa,390.0,3.0,5.0,540000.0
Sousse,villa,140.0,2.0,4.0,390000.0
Ariana,villa,402.0,2.0,6.0,772451.6775877767
Ariana,villa,375.0,2.0,3.0,658843.0531769185
Sousse,villa,180.0,2.0,4.0,450000.0
Sousse,villa,400.0,2.0,3.0,674256.4975731487
Bizerte,Maison,556.0,1.0,7.0,580000.0
Tunis,villa,1033.0,3.0,5.0,712281.088553523
Bizerte,Maison,381.0,3.0,4.0,830000.0
Ariana,villa,400.0,2.0,4.0,850000.0
Nabeul,Maison,154.0,2.0,3.0,384781.52943990007
Tunis,Maison,204.0,2.0,5.0,379599.6559103504
Ben_Arous,villa,450.0,2.0,5.0,320000.0
Ariana,villa,450.0,2.0,4.0,696717.9872396435
Nabeul,villa,402.0,3.0,3.0,790000.0
Nabeul,Appartement,100.0,1.0,2.0,165000.0
Ben_Arous,villa,511.0,2.0,4.0,606987.6669485592
Nabeul,villa,560.0,3.0,5.0,793166.0127014397
Nabeul,villa,300.0,3.0,3.0,620000.0
Ben_Arous,villa,530.0,2.0,5.0,644858.0254783058
Ben_Arous,villa,396.0,2.0,5.0,644847.076881536
Tunis,villa,101.0,2.0,7.0,470000.0
Mdenine,villa,610.0,3.0,4.0,539144.7196465437
Bizerte,villa,350.0,4.0,4.0,920000.0
Tunis,villa,225.0,1.0,3.0,430000.0
Ariana,villa,550.0,2.0,6.0,772463.770067791
Nabeul,villa,300.0,2.0,4.0,1180000.0
Nabeul,villa,289.0,2.0,2.0,415000.0
Sousse,Maison,165.0,1.0,3.0,165000.0
Tunis,villa,452.0,2.0,4.0,540000.0
Ben_Arous,villa,140.0,1.0,3.0,569116.8599477417
Ben_Arous,villa,420.0,2.0,3.0,700000.0
Ariana,Maison,150.0,1.0,1.0,90000.0
Tunis,Maison,100.0,1.0,2.0,110000.0
Sousse,villa,1000.0,2.0,4.0,1100000.0
Sousse,Maison,267.0,1.0,2.0,400000.0
Sousse,villa,402.0,3.0,4.0,1000000.0
Sousse,villa,615.0,2.0,3.0,900000.0
Sousse,villa,1000.0,2.0,5.0,750043.1333743178
Sousse,villa,402.0,5.0,3.0,674171.724919233
Sousse,villa,600.0,1.0,3.0,600000.0
Sousse,villa,207.0,1.0,3.0,360000.0
Sfax,villa,402.0,2.0,3.0,564716.8585413839
Nabeul,villa,600.0,1.0,3.0,717488.2927496099
Tunis,villa,443.0,4.0,8.0,930000.0
Sousse,Maison,320.0,1.0,5.0,417373.8749171056
Ariana,villa,620.0,2.0,3.0,658863.071133699
Monastir,Maison,220.0,1.0,7.0,120000.0
Sousse,villa,350.0,2.0,3.0,674252.4122758466
Tunis,Maison,290.0,5.0,10.0,568865.7771397607
Ariana,villa,402.0,2.0,3.0,620000.0
La_Manouba,villa,400.0,2.0,4.0,600000.0
Ben_Arous,villa,620.0,3.0,4.0,850000.0
Sousse,Maison,140.0,1.0,3.0,155000.0
Mdenine,villa,108.0,1.0,3.0,501291.5211887303
La_Manouba,Maison,80.0,1.0,3.0,170000.0
Sfax,villa,220.0,4.0,3.0,564645.3640153322
Sousse,Maison,140.0,1.0,2.0,303752.7494965029
Nabeul,villa,420.0,3.0,3.0,750000.0
Mdenine,Maison,250.0,2.0,6.0,285000.0
Ben_Arous,Maison,97.0,1.0,2.0,198602.5300394513
La_Manouba,Maison,230.0,2.0,6.0,440000.0
Bizerte,Maison,111.0,1.0,4.0,390000.0
La_Manouba,Maison,104.0,1.0,2.0,100000.0
Kairouan,Maison,200.0,1.0,2.0,75000.0
Nabeul,villa,1000.0,5.0,6.0,831014.1453905986
Tunis,villa,627.0,3.0,7.0,950000.0
Ariana,Maison,507.0,3.0,5.0,599997.0
Ben_Arous,Maison,269.0,2.0,5.0,312194.68979054975
Nabeul,Maison,100.0,1.0,2.0,346936.62322397804
Nabeul,villa,400.0,2.0,4.0,755312.4456552372
La_Manouba,Maison,110.0,1.0,3.0,180000.0
Nabeul,villa,402.0,3.0,5.0,550000.0
Mahdia,villa,402.0,2.0,3.0,601415.4645655465
La_Manouba,Maison,189.0,2.0,3.0,192952.3355997093
Nabeul,villa,319.0,3.0,3.0,717408.7093349001
Ariana,villa,238.0,3.0,4.0,696672.3535571464
Tunis,villa,600.0,2.0,3.0,850000.0
Nabeul,villa,300.0,3.0,4.0,950000.0
Ariana,villa,235.0,1.0,4.0,270000.0
Sousse,Appartement,114.0,1.0,3.0,160000.0
Sousse,Maison,359.0,2.0,4.0,330000.0
Ariana,Maison,189.0,1.0,3.0,140000.0
Tunis,villa,615.0,5.0,6.0,750059.117540977
Sfax,Maison,170.0,1.0,3.0,232084.2043479989
Nabeul,villa,164.0,3.0,4.0,700000.0
Ben_Arous,villa,325.0,2.0,4.0,450000.0
Mahdia,villa,400.0,2.0,3.0,601415.3011536545
Sousse,villa,402.0,2.0,5.0,749994.273218584
Ben_Arous,villa,409.0,3.0,3.0,900000.0
Tunis,villa,412.0,2.0,4.0,700000.0
La_Manouba,villa,300.0,2.0,4.0,499000.0
Ben_Arous,villa,240.0,1.0,3.0,330000.0
Ben_Arous,villa,429.0,3.0,6.0,650000.0
Ben_Arous,villa,354.0,2.0,3.0,700000.0
Ben_Arous,villa,200.0,1.0,3.0,569121.7623045042
Tunis,villa,90.0,1.0,3.0,400000.0
Bizerte,villa,519.0,1.0,4.0,573649.4733744513
Sfax,villa,1000.0,2.0,3.0,650000.0
Tunis,Maison,85.0,2.0,4.0,341721.12678599975
Ben_Arous,villa,354.0,1.0,4.0,700000.0
Tunis,villa,314.0,3.0,4.0,674353.5358615465
Ariana,villa,450.0,2.0,5.0,850000.0
Tunis,Maison,117.0,1.0,3.0,460000.0
Mdenine,villa,450.0,4.0,3.0,501234.5285564693
Nabeul,villa,1000.0,3.0,6.0,831070.7694344702
Nabeul,Maison,189.0,5.0,3.0,600000.0
Ben_Arous,villa,300.0,2.0,3.0,350000.0
Bizerte,Maison,95.0,1.0,3.0,125000.0
Ariana,Maison,100.0,3.0,7.0,477625.4860510685
Tunis,villa,100.0,2.0,4.0,674364.3628110292
Ben_Arous,villa,372.0,1.0,4.0,607004.6218439953
Ben_Arous,Maison,102.0,1.0,6.0,199000.0
Tunis,villa,204.0,2.0,3.0,300000.0
Ben_Arous,villa,200.0,3.0,8.0,255000.0
Sousse,villa,300.0,3.0,8.0,863564.0455404667
Sfax,villa,770.0,1.0,5.0,640512.8505850069
Nabeul,Maison,186.0,1.0,3.0,384812.45605210937
Sousse,villa,400.0,2.0,4.0,900000.0
Ben_Arous,Maison,128.0,2.0,3.0,236445.5570186144
Ariana,villa,200.0,1.0,3.0,350000.0
La_Manouba,villa,400.0,3.0,4.0,680000.0
Tunis,villa,500.0,2.0,5.0,712265.851306218
Ben_Arous,villa,278.0,1.0,3.0,500000.0
Gafsa,Maison,150.0,2.0,5.0,95197.76918778478
Ariana,Maison,150.0,1.0,3.0,340000.0
Mdenine,villa,456.0,2.0,4.0,539160.448952789
Ben_Arous,villa,402.0,2.0,3.0,569109.954883669
Ben_Arous,villa,412.0,1.0,4.0,460000.0
Tunis,Maison,405.0,1.0,4.0,341775.5847106693
La_Manouba,villa,220.0,1.0,3.0,525625.1909418114
Ariana,villa,500.0,4.0,6.0,450000.0
Bizerte,Maison,215.0,1.0,4.0,219999.0
Sousse,Maison,300.0,3.0,9.0,568790.8412213994
Tunis,villa,255.0,2.0,4.0,210000.0
Tunis,villa,603.0,2.0,5.0,712274.2670186604
Sousse,Maison,330.0,1.0,3.0,215000.0
La_Manouba,villa,402.0,3.0,2.0,487714.6312633478
Tunis,Maison,304.0,1.0,4.0,341767.332410119
Tunis,Maison,133.0,1.0,4.0,200000.0
Sousse,villa,140.0,2.0,3.0,674235.2540271776
Nabeul,Maison,130.0,1.0,3.0,384807.88051913097
La_Manouba,Maison,300.0,2.0,3.0,192961.40495972004
Nabeul,villa,385.0,4.0,5.0,793123.4021389463
Sfax,villa,758.0,3.0,5.0,570000.0
Ben_Arous,villa,530.0,2.0,6.0,682726.8315950774
Ariana,villa,320.0,5.0,6.0,1100000.0
Ben_Arous,Maison,260.0,1.0,3.0,485000.0
Tunis,Maison,90.0,1.0,3.0,303881.0412208942
Nabeul,Maison,290.0,4.0,5.0,460473.6296382334
Kairouan,Maison,250.0,2.0,4.0,360000.0
Siliana,Maison,189.0,1.0,3.0,326214.1574570516
Tunis,villa,536.0,5.0,9.0,680000.0
Sfax,Maison,425.0,2.0,6.0,310000.0
Ariana,villa,220.0,2.0,5.0,280000.0
Sfax,Maison,600.0,1.0,5.0,307856.9501383406
Ben_Arous,Maison,203.0,3.0,3.0,236423.3729426317
Ben_Arous,Maison,640.0,2.0,6.0,350093.80881330324
Ben_Arous,Maison,97.0,1.0,2.0,125000.0
Sousse,Maison,200.0,1.0,3.0,200000.0
Bizerte,Appartement,147.0,1.0,3.0,207812.76326608905
Nabeul,villa,202.0,2.0,5.0,400000.0
Gabs,villa,390.0,2.0,3.0,300000.0
Gabs,villa,520.0,3.0,6.0,543104.3132014244
Ariana,villa,300.0,4.0,6.0,772386.7195374086
Ariana,villa,470.0,2.0,5.0,870000.0
Nabeul,villa,816.0,2.0,4.0,480000.0
Ariana,Appartement,90.0,2.0,4.0,190000.0
Ben_Arous,villa,600.0,3.0,4.0,850000.0
Nabeul,Maison,140.0,1.0,3.0,200000.0
La_Manouba,villa,260.0,3.0,3.0,950000.0
Tunis,villa,470.0,3.0,5.0,1250000.0
Sousse,villa,450.0,2.0,4.0,750000.0
Tunis,villa,1059.0,1.0,4.0,674471.0308352201
Tunis,Maison,115.0,2.0,4.0,275000.0
Bizerte,Maison,189.0,1.0,3.0,203111.69385964665
Gafsa,villa,350.0,2.0,6.0,465724.9269296039
Ariana,villa,480.0,2.0,7.0,460000.0
Jendouba,villa,402.0,1.0,3.0,499542.1386859007
Gafsa,villa,220.0,2.0,4.0,280000.0
Bizerte,villa,202.0,4.0,6.0,520000.0
Nabeul,villa,650.0,3.0,3.0,717435.7540030403
La_Manouba,villa,690.0,3.0,7.0,520000.0
La_Manouba,villa,1250.0,3.0,3.0,950000.0
Nabeul,villa,345.0,3.0,4.0,780000.0
Nabeul,villa,505.0,2.0,5.0,1049998.0
Tunis,villa,461.0,3.0,10.0,901578.3833362446
Ben_Arous,villa,195.0,1.0,5.0,380000.0
Sidi_Bouzid,Maison,400.0,2.0,3.0,193653.6650271727
Tunis,Maison,170.0,1.0,4.0,341756.38381334924
Ariana,villa,481.0,2.0,4.0,1190000.0
Tunis,Maison,207.0,1.0,3.0,303890.6008165812
Bja,Maison,200.0,1.0,4.0,364083.8623392297
Nabeul,villa,750.0,2.0,4.0,755341.0427363522
Nabeul,villa,300.0,3.0,4.0,600000.0
Tunis,Maison,108.0,1.0,2.0,50000.0
Ben_Arous,Maison,100.0,2.0,5.0,312180.8814856685
Ariana,villa,550.0,3.0,7.0,450000.0
La_Manouba,Maison,280.0,3.0,7.0,344406.68328594987
Ariana,Maison,189.0,1.0,3.0,326214.1574570516
Mdenine,villa,220.0,4.0,5.0,820000.0
Tunis,villa,1000.0,3.0,7.0,788016.0044908468
Sfax,villa,402.0,2.0,4.0,700000.0
Tunis,villa,294.0,3.0,5.0,640000.0
Nabeul,Maison,189.0,1.0,8.0,574156.7317538057
Sfax,villa,650.0,1.0,3.0,250000.0
Tunis,villa,90.0,1.0,2.0,235000.0
Ben_Arous,villa,270.0,2.0,6.0,550000.0
Tunis,Maison,128.0,3.0,7.0,399999.0
La_Manouba,villa,402.0,3.0,3.0,525583.4373801195
Ben_Arous,villa,103.0,1.0,2.0,239000.0
Ben_Arous,villa,400.0,2.0,4.0,890000.0
Sousse,villa,200.0,2.0,3.0,380000.0
Sousse,Maison,189.0,1.0,4.0,424000.0
Tunis,villa,505.0,2.0,5.0,720000.0
Sousse,Maison,70.0,2.0,3.0,180000.0
Tunis,villa,450.0,2.0,4.0,700000.0
La_Manouba,Maison,432.0,2.0,3.0,192972.1901445977
Ariana,villa,206.0,3.0,4.0,696669.738966873
Ben_Arous,Maison,122.0,1.0,3.0,170000.0
Tunis,Maison,143.0,1.0,3.0,303885.37163603446
Ben_Arous,villa,705.0,3.0,5.0,975000.0
La_Manouba,Maison,110.0,2.0,3.0,192945.88082997192
Ariana,Appartement,169.0,1.0,7.0,380000.0
Sfax,villa,700.0,1.0,6.0,678375.9372855555
Ariana,Maison,500.0,1.0,4.0,500000.0
Ariana,villa,400.0,5.0,5.0,734497.7719933053
Tunis,Maison,150.0,1.0,2.0,266017.1374608851
Tunis,Maison,145.0,1.0,3.0,250000.0
La_Manouba,Maison,189.0,2.0,6.0,306558.7539500242
Ben_Arous,villa,410.0,1.0,3.0,569138.9205531732
Nabeul,villa,1000.0,3.0,4.0,650000.0
Ben_Arous,Maison,415.0,1.0,3.0,460000.0
Tunis,villa,387.0,2.0,6.0,250000.0
Ben_Arous,villa,387.0,2.0,5.0,480000.0
Ben_Arous,villa,618.0,2.0,5.0,580000.0
Ariana,Maison,250.0,3.0,4.0,295000.0
Ben_Arous,villa,315.0,1.0,4.0,550000.0
Tunis,villa,402.0,2.0,6.0,950000.0
Sousse,Maison,110.0,1.0,3.0,245000.0
Sousse,villa,350.0,2.0,3.0,179998.0
Ben_Arous,Appartement,76.0,1.0,2.0,89000.0
Tunis,villa,300.0,3.0,6.0,950000.0
Tunis,villa,402.0,2.0,3.0,650000.0
Ariana,villa,958.0,3.0,4.0,696731.1818382973
Ariana,villa,530.0,4.0,6.0,772405.5119049982
Ariana,Maison,1000.0,1.0,4.0,364149.2270960639
Ben_Arous,Appartement,200.0,2.0,6.0,354762.3592532206
Tunis,villa,316.0,4.0,6.0,750062.9994850459
Bizerte,Maison,189.0,1.0,2.0,165242.88774287497
Le_Kef,villa,580.0,2.0,3.0,370000.0
Sousse,villa,210.0,2.0,5.0,749978.5856769439
Mahdia,Maison,80.0,1.0,2.0,230906.6507202461
Nabeul,villa,380.0,5.0,5.0,1150000.0
Ben_Arous,Maison,150.0,1.0,3.0,120000.0
Tunis,villa,510.0,2.0,7.0,950000.0
Ben_Arous,villa,510.0,4.0,6.0,850000.0
Tunis,villa,90.0,1.0,4.0,674391.8577735047
Tunis,Appartement,140.0,1.0,2.0,270720.82145760086
Nabeul,villa,500.0,3.0,4.0,550000.0
Le_Kef,villa,550.0,2.0,4.0,365000.0
Tunis,Maison,115.0,2.0,6.0,417461.19019792427
Le_Kef,villa,200.0,1.0,3.0,150000.0
Ariana,villa,750.0,1.0,7.0,810377.2293957071
Sfax,Maison,189.0,1.0,2.0,194216.9506442021
Bizerte,Maison,130.0,1.0,6.0,316713.291559145
Sousse,villa,380.0,2.0,3.0,674254.8634542278
Le_Kef,villa,750.0,2.0,4.0,700000.0
Tunis,villa,388.0,1.0,3.0,636547.4000286539
Sfax,villa,400.0,3.0,3.0,360000.0
Sfax,Maison,406.0,1.0,3.0,180000.0
Tunis,Maison,105.0,1.0,4.0,160000.0
Ariana,villa,440.0,2.0,4.0,1250000.0
Tunis,villa,160.0,2.0,3.0,480000.0
Nabeul,villa,640.0,2.0,7.0,868938.4734326024
Ariana,villa,220.0,5.0,8.0,900000.0
Ben_Arous,Maison,189.0,2.0,3.0,210000.0
Ariana,villa,480.0,2.0,4.0,680000.0
Ben_Arous,villa,350.0,1.0,3.0,480000.0
Tunis,villa,300.0,2.0,4.0,500000.0
Nabeul,villa,269.0,1.0,2.0,679592.4419646981
Jendouba,villa,120.0,1.0,3.0,98000.0
Ariana,villa,230.0,4.0,4.0,355000.0
Tunis,villa,422.0,2.0,7.0,787997.09047597
Nabeul,Maison,250.0,1.0,3.0,384817.6852326561
Sousse,villa,150.0,2.0,5.0,749973.6833201812
Ariana,villa,542.0,4.0,4.0,696668.8801428075
Mdenine,villa,375.0,2.0,5.0,577022.6368879313
Ben_Arous,Maison,146.0,2.0,5.0,330000.0
La_Manouba,villa,402.0,3.0,4.0,563452.2434968911
Sfax,Maison,670.0,4.0,4.0,269908.92737198423
Sousse,Maison,300.0,1.0,3.0,341634.6285646414
Nabeul,Maison,170.0,1.0,3.0,384811.14875697263
Bizerte,villa,550.0,3.0,5.0,611464.1883316785
Tunis,villa,580.0,4.0,8.0,880000.0
Monastir,Maison,155.0,3.0,9.0,305775.4648033277
Ben_Arous,Maison,341.0,1.0,2.0,198622.4662902857
Tozeur,Maison,800.0,2.0,4.0,800000.0
Ariana,villa,190.0,2.0,3.0,590000.0
Nabeul,Maison,72.0,1.0,1.0,100000.0
Tunis,villa,278.0,1.0,3.0,1100000.0
Ariana,villa,500.0,3.0,4.0,696693.7605150096
Ariana,Maison,189.0,1.0,3.0,326214.1574570516
Ben_Arous,Appartement,110.0,1.0,2.0,203308.09327292608
Ben_Arous,villa,381.0,1.0,1.0,493398.9388471947
Ben_Arous,villa,402.0,2.0,3.0,569109.954883669
Ben_Arous,villa,213.0,1.0,3.0,569122.8244818028
Ariana,villa,646.0,2.0,5.0,734602.8077218395
Nabeul,villa,500.0,2.0,4.0,755320.6162498414
Bizerte,Maison,333.0,1.0,4.0,240992.26563264843
Sousse,Maison,189.0,1.0,4.0,379494.3653214023
Ariana,Maison,214.0,1.0,1.0,165000.0
Ben_Arous,villa,270.0,4.0,6.0,682648.9640052344
Ben_Arous,villa,204.0,3.0,6.0,350000.0
Ben_Arous,villa,326.0,2.0,5.0,644841.357465313
Kairouan,villa,392.0,3.0,3.0,620000.0
Nabeul,villa,300.0,3.0,4.0,755275.9630386969
Tunis,Maison,246.0,2.0,6.0,417471.89367685583
Kairouan,Maison,222.0,1.0,4.0,249710.68442002288
Nabeul,Maison,500.0,4.0,4.0,422621.9817701308
Sousse,villa,265.0,5.0,6.0,920000.0
Nabeul,Maison,300.0,4.0,3.0,384736.83446415054
Ben_Arous,Maison,400.0,2.0,3.0,600000.0
Tunis,villa,110.0,1.0,2.0,130000.0
Tunis,Maison,126.0,1.0,1.0,250000.0
Nabeul,villa,275.0,4.0,2.0,820000.0
Nabeul,Maison,300.0,2.0,3.0,384793.4585080224
Ben_Arous,villa,248.0,2.0,5.0,644834.9844015217
Nabeul,villa,250.0,2.0,3.0,750000.0
Ariana,villa,436.0,1.0,3.0,350000.0
Tunis,villa,412.0,3.0,4.0,674361.5430442587
La_Manouba,villa,200.0,1.0,3.0,175000.0
Nabeul,Maison,177.0,2.0,5.0,460521.0209102024
Nabeul,villa,300.0,1.0,4.0,755332.5870825688
Tunis,villa,340.0,1.0,1.0,560805.8659097005
Sousse,villa,380.0,2.0,6.0,850000.0
Tunis,villa,475.0,2.0,4.0,700000.0
Nabeul,villa,306.0,4.0,3.0,717379.3351356657
Nabeul,Maison,100.0,2.0,2.0,346908.3112020421
Nabeul,villa,900.0,4.0,6.0,831034.2868179302
Gabs,Maison,120.0,1.0,3.0,96879.82608072524
Sousse,Maison,189.0,1.0,3.0,341625.55920463067
Jendouba,villa,402.0,1.0,3.0,960000.0
Ariana,villa,400.0,2.0,4.0,860000.0
Nabeul,Maison,350.0,2.0,4.0,422666.3499220961
Monastir,Appartement,160.0,2.0,3.0,280000.0
Tunis,villa,228.0,3.0,4.0,600000.0
Tunis,Appartement,430.0,3.0,5.0,880000.0
Ariana,villa,480.0,2.0,4.0,696720.4384180247
Tunis,villa,650.0,2.0,5.0,850000.0
Sfax,villa,402.0,2.0,3.0,360000.0
La_Manouba,villa,499.0,1.0,4.0,563516.793017529
Ariana,Maison,150.0,1.0,4.0,364079.7770419276
Ben_Arous,villa,600.0,2.0,4.0,950000.0
Gabs,Maison,116.0,1.0,2.0,59010.69314016943
Ariana,Maison,103.0,1.0,3.0,195000.0
Sousse,villa,237.0,1.0,2.0,636402.685409108
Ariana,villa,402.0,2.0,3.0,658845.2592374617
Sfax,villa,400.0,2.0,4.0,530000.0
Ariana,Maison,189.0,1.0,4.0,364082.9635738232
Tunis,villa,235.0,3.0,4.0,900000.0
Sousse,Maison,492.0,3.0,3.0,900000.0
Ariana,villa,750.0,4.0,5.0,1100000.0
Ben_Arous,villa,550.0,3.0,6.0,1200000.0
Mdenine,Maison,600.0,5.0,10.0,433658.1048080024
Mdenine,villa,395.0,2.0,3.0,501286.6587733087
Mdenine,villa,422.0,1.0,3.0,501317.1768557878
La_Manouba,villa,400.0,3.0,5.0,601320.8862017706
Sousse,villa,387.0,2.0,4.0,650000.0
Le_Kef,Maison,235.0,2.0,3.0,35950.93069524219
Ben_Arous,Appartement,90.0,1.0,2.0,203306.4591540052
Nabeul,Maison,148.0,1.0,3.0,384809.3512261597
Le_Kef,Maison,264.0,1.0,4.0,155000.0
Ariana,villa,240.0,1.0,3.0,658860.3348961386
Monastir,villa,1020.0,5.0,8.0,123456.0
Tunis,Maison,165.0,1.0,3.0,303887.16916684736
Nabeul,villa,402.0,3.0,3.0,717415.4909284217
Tunis,villa,760.0,4.0,4.0,674361.6646915458
Sfax,villa,820.0,1.0,4.0,549999.0
Tunis,Maison,100.0,3.0,10.0,568906.8770538843
Bizerte,villa,243.0,2.0,2.0,350000.0
Sousse,villa,252.0,2.0,3.0,674244.4050931344
Sousse,villa,580.0,1.0,2.0,850000.0
Monastir,villa,750.0,2.0,5.0,487019.1778319114
Sousse,villa,525.0,2.0,4.0,712135.5169331756
Sousse,villa,483.0,4.0,3.0,674206.6551227984
Sousse,villa,777.0,2.0,4.0,712156.1068315784
La_Manouba,villa,542.0,2.0,4.0,563491.9943512729
Ben_Arous,villa,350.0,2.0,4.0,606974.5122912463
Ben_Arous,Maison,110.0,1.0,2.0,198603.59221674988
Ariana,Maison,542.0,1.0,3.0,326242.9996560047
Nabeul,villa,170.0,1.0,3.0,180000.0
Gabs,Maison,506.0,1.0,3.0,250000.0
La_Manouba,villa,500.0,3.0,4.0,563460.2506796033
Tunis,villa,454.0,2.0,4.0,1080000.0
Nabeul,villa,600.0,3.0,2.0,750000.0
Ariana,villa,740.0,1.0,3.0,658901.18786916
Ariana,villa,500.0,3.0,5.0,1250000.0
Tunis,villa,114.0,1.0,2.0,325000.0
Ariana,Maison,189.0,1.0,3.0,299999.0
Ben_Arous,villa,340.0,2.0,3.0,569104.8891150143
La_Manouba,Maison,189.0,2.0,4.0,230821.14171648087
Nabeul,villa,134.0,3.0,3.0,150000.0
Sousse,villa,385.0,3.0,6.0,900000.0
Kairouan,Maison,214.0,1.0,3.0,350000.0
Sousse,Maison,189.0,2.0,4.0,650000.0
Sfax,Maison,90.0,2.0,4.0,269918.1619671512
Ben_Arous,Maison,100.0,1.0,2.0,165000.0
Tunis,villa,299.0,2.0,5.0,520000.0
Zaghouan,villa,150.0,1.0,3.0,220000.0
Ariana,villa,500.0,5.0,4.0,1150000.0
Tunis,villa,142.0,2.0,3.0,636498.9883439913
Sousse,villa,378.0,2.0,5.0,749992.3122758791
Sfax,Maison,1347.0,1.0,3.0,232180.3722464913
La_Manouba,villa,134.0,1.0,5.0,160000.0
Ben_Arous,villa,700.0,3.0,5.0,644843.6034671972
La_Manouba,villa,500.0,2.0,3.0,520000.0
Sousse,villa,500.0,3.0,4.0,712105.1622625887
Ben_Arous,villa,402.0,2.0,3.0,680000.0
Nabeul,Maison,189.0,2.0,3.0,260000.0
Mdenine,villa,253.0,2.0,4.0,240000.0
Ariana,Maison,100.0,2.0,3.0,326178.57360591786
La_Manouba,villa,1000.0,2.0,4.0,580000.0
Tunis,Maison,110.0,1.0,2.0,266013.8692230434
Sousse,Maison,155.0,1.0,3.0,350000.0
Sousse,Maison,184.0,1.0,3.0,341625.15067490045
Tunis,villa,563.0,2.0,4.0,1250000.0
Tunis,villa,622.0,4.0,8.0,825825.6137380784
Sousse,Maison,106.0,1.0,3.0,298000.0
Ariana,villa,133.0,2.0,3.0,658823.2803379762
Ariana,villa,750.0,1.0,4.0,1250000.0
Ben_Arous,villa,210.0,2.0,3.0,400000.0
Ariana,Maison,250.0,1.0,2.0,285000.0
Tunis,villa,425.0,3.0,6.0,750100.2174551005
Tunis,villa,205.0,2.0,3.0,600000.0
La_Manouba,villa,150.0,1.0,4.0,300000.0
Mahdia,villa,246.0,2.0,6.0,550000.0
Mdenine,Maison,300.0,1.0,2.0,130796.39217776002
Nabeul,villa,402.0,3.0,3.0,750000.0
Sousse,villa,500.0,1.0,3.0,674292.9801896889
Ariana,villa,370.0,2.0,3.0,658842.6446471883
Nabeul,villa,280.0,2.0,5.0,793171.4470584837
Nabeul,villa,850.0,1.0,3.0,900000.0
Ben_Arous,villa,566.0,2.0,3.0,569123.35465882
Ariana,Maison,520.0,1.0,4.0,1111111.0
Sfax,Appartement,160.0,1.0,2.0,800000.0
Jendouba,Maison,92.0,1.0,3.0,88000.0
Sousse,Maison,200.0,2.0,7.0,430000.0
La_Manouba,Maison,103.0,2.0,6.0,200000.0
Tunis,Maison,189.0,3.0,3.0,200000.0
Nabeul,villa,200.0,5.0,4.0,590000.0
Sousse,Maison,150.0,1.0,2.0,130000.0
Sidi_Bouzid,Maison,300.0,1.0,3.0,120000.0
La_Manouba,villa,252.0,2.0,3.0,285000.0
Nabeul,villa,405.0,2.0,5.0,850000.0
Nabeul,villa,500.0,3.0,4.0,1200000.0
Sousse,Maison,246.0,1.0,3.0,172000.0
Ben_Arous,Maison,140.0,1.0,2.0,280000.0
Ben_Arous,Maison,580.0,1.0,3.0,236510.80012816165
Sousse,villa,492.0,2.0,4.0,850000.0
Sousse,villa,250.0,2.0,4.0,980000.0
Ariana,villa,834.0,4.0,6.0,772430.3505125954
Tunis,villa,402.0,2.0,3.0,636520.2318899625
Nabeul,Maison,500.0,1.0,4.0,422706.9178359384
Ben_Arous,villa,402.0,2.0,3.0,580000.0
Ben_Arous,villa,200.0,2.0,3.0,750000.0
Nabeul,villa,240.0,3.0,4.0,630000.0
Nabeul,villa,218.0,2.0,4.0,460000.0
Nabeul,Maison,143.0,2.0,3.0,160000.0
Tunis,villa,470.0,2.0,8.0,520000.0
Gafsa,villa,444.0,1.0,4.0,500000.0
Ariana,villa,400.0,1.0,5.0,734611.0200810488
Tunis,Maison,400.0,1.0,2.0,800000.0
Ariana,Maison,400.0,1.0,5.0,401969.0096452099
La_Manouba,Maison,140.0,2.0,3.0,210000.0
Sousse,Maison,180.0,1.0,3.0,230000.0
Sousse,Maison,150.0,2.0,4.0,150000.0
Sousse,Appartement,120.0,2.0,3.0,500000.0
Tunis,villa,450.0,2.0,6.0,750000.0
Sousse,Maison,155.0,2.0,2.0,225000.0
Sousse,villa,446.0,2.0,2.0,560000.0
Sousse,villa,210.0,1.0,1.0,598531.6732317931
Tunis,villa,540.0,4.0,8.0,825818.9138505028
Sousse,Appartement,400.0,1.0,3.0,300000.0
Ben_Arous,villa,500.0,3.0,5.0,750000.0
Ariana,Maison,189.0,1.0,4.0,600000.0
Nabeul,Maison,300.0,2.0,4.0,422662.264624794
Sfax,villa,220.0,2.0,5.0,640439.6002927474
Nabeul,Maison,189.0,1.0,3.0,330000.0
Bizerte,Maison,120.0,2.0,4.0,250000.0
Nabeul,villa,402.0,3.0,3.0,850000.0
Nabeul,villa,460.0,3.0,4.0,755289.0359900638
Ben_Arous,Maison,90.0,1.0,2.0,90000.0
Sousse,Appartement,360.0,3.0,5.0,520000.0
Sousse,Maison,120.0,1.0,3.0,87000.0
Tunis,villa,255.0,4.0,6.0,250000.0
Bizerte,villa,162.0,2.0,4.0,330000.0
Nabeul,villa,324.0,2.0,3.0,1050000.0
Tunis,villa,415.0,2.0,3.0,590000.0
Ben_Arous,villa,494.0,2.0,4.0,606986.2779474766
Nabeul,Maison,143.0,2.0,3.0,384780.6306744936
Ben_Arous,villa,500.0,2.0,6.0,800000.0
Tunis,villa,900.0,2.0,4.0,674429.7275678634
Ben_Arous,Maison,100.0,1.0,1.0,160733.9690405178
La_Manouba,Maison,189.0,1.0,3.0,330000.0
La_Manouba,villa,340.0,5.0,8.0,714865.7781514511
Sfax,villa,800.0,2.0,7.0,716224.6019749953
Mdenine,villa,200.0,4.0,3.0,501214.1020699586
Mdenine,villa,270.0,2.0,4.0,539145.2516468251
Sfax,Maison,189.0,1.0,3.0,100000.0
Mdenine,Maison,189.0,2.0,3.0,168627.816912585
Sousse,villa,425.0,2.0,3.0,800000.0
Ben_Arous,villa,273.0,2.0,3.0,580000.0
Sousse,Maison,360.0,1.0,2.0,330000.0
Zaghouan,villa,402.0,1.0,3.0,508561.9108750232
Nabeul,villa,269.0,2.0,3.0,717432.9360595339
Nabeul,Appartement,95.0,1.0,2.0,245000.0
Nabeul,Maison,220.0,1.0,1.0,280000.0
Nabeul,Maison,189.0,1.0,3.0,260000.0
Sidi_Bouzid,villa,427.0,1.0,3.0,600000.0
Nabeul,villa,204.0,2.0,3.0,670000.0
Kairouan,Maison,280.0,1.0,3.0,211846.6172481217
La_Manouba,Maison,264.0,1.0,4.0,350000.0
Mdenine,villa,350.0,2.0,3.0,501282.9820057369
Tunis,villa,580.0,3.0,6.0,750112.8818767371
Sousse,villa,250.0,2.0,3.0,320000.0
Sousse,villa,350.0,5.0,8.0,950000.0
Sousse,villa,500.0,1.0,1.0,1100000.0
Nabeul,villa,350.0,3.0,6.0,600000.0
Ben_Arous,Maison,420.0,2.0,4.0,274338.2212716305
Nabeul,villa,496.0,4.0,6.0,831001.2776157288
Nabeul,villa,345.0,3.0,2.0,679542.0275727257
Nabeul,Maison,150.0,2.0,2.0,346912.39649934426
Ariana,Appartement,90.0,1.0,2.0,120000.0
Nabeul,Appartement,100.0,1.0,2.0,240000.0
Nabeul,villa,345.0,3.0,4.0,845000.0
Tunis,villa,440.0,3.0,8.0,900000.0
Ariana,villa,370.0,4.0,5.0,734523.6328368599
Tunis,villa,750.0,5.0,5.0,712201.341726921
Ariana,villa,370.0,3.0,7.0,900000.0
Bizerte,villa,300.0,3.0,4.0,573574.9557283961
Monastir,Maison,189.0,1.0,3.0,78622.03014873512
Ariana,Appartement,120.0,1.0,4.0,368781.8269197225
Tunis,Maison,189.0,1.0,3.0,280000.0
Sousse,Maison,175.0,1.0,3.0,341624.41532138607
Nabeul,villa,200.0,1.0,2.0,320000.0
Nabeul,villa,278.0,3.0,5.0,793142.9716246556
Ben_Arous,Maison,126.0,1.0,3.0,125000.0
Ben_Arous,Maison,100.0,1.0,4.0,274340.3873908327
Ariana,Maison,350.0,2.0,3.0,326199.0000924286
Nabeul,villa,605.0,5.0,5.0,690000.0
Ben_Arous,villa,460.0,2.0,4.0,720000.0
Sfax,villa,543.0,2.0,3.0,564728.3790797759
Ben_Arous,Maison,485.0,2.0,3.0,280000.0
Ariana,villa,270.0,4.0,6.0,570000.0
Ben_Arous,Maison,370.0,2.0,4.0,379999.0
Ariana,villa,640.0,5.0,4.0,696648.5753035839
Nabeul,villa,267.0,2.0,2.0,630000.0
Sfax,villa,850.0,2.0,4.0,350000.0
